661	update	133
638	dme_PresentationEngineReachabilityProbe_renderPlayerFrame$exported$11	3355
416	dme_SimulationEngineReachabilityProbe_drawIndexedPatch	6008
315	rd_R_DrawSpan$Indexed_invoke	87631
254	r_AbstractThings_DrawSprite	84693
236	(garbage collector)	-1
207	r_AbstractThings_DrawMaskedColumn	84950
167	r_RendererState$Planes_DrawPlanes	84011
139	(program)	-1
108	rd_R_DrawColumnBoom$Indexed_invoke	88267
99	rd_R_DrawColumnBoomOpt$Indexed_invoke	88087
96	p_ActiveStates$_clinit_$lambda$_9_75_accept	56265
93	rd_R_DrawColumnBoomOpt$Indexed_invoke	88087
89	r_PlaneDrawer_MapPlane	83954
89	compileSourceTextModule	336
88	vg_Columns_DrawPatchColumns	51281
86	s_StatusBar_copyRect	49054
76	r_RendererState$SegDrawer_RenderSegLoop	80913
75	rd_R_DrawColumnBoomOpt$Indexed_invoke	88087
73	s_StatusBar_copyRect	49054
67	jl_System_doArrayCopy	13694
64	Hash	89
63	jl_System_doArrayCopy	13694
62	r_AbstractThings_DrawVisSprite	84438
61	vg_Columns_DrawPatchColumns	51281
60	r_AbstractThings_DrawMaskedColumn	84950
58	pA_ActionsThinkers_Ticker	35031
56	r_RendererState$SegDrawer_RenderSegLoop	80913
55	r_RendererState$SegDrawer_RenderSegLoop	80913
55	r_RendererState$SegDrawer_RenderSegLoop	80913
53	Long_shru	231
51	r_visplane_t_getTop	85097
50	vg_Columns_DrawPatchColumns	51281
45	dme_SimulationEngineReachabilityProbe_loadIwadChunk	4075
44	rd_R_DrawColumnBoomOpt$Indexed_invoke	88087
43	r_RendererState$SegDrawer_RenderSegLoop	80913
42	vg_Columns_DrawPatchColumns	51281
42	jl_System_doArrayCopy	13694
41	s_StatusBar_copyRect	49054
41	jl_System_doArrayCopy	13694
39	r_RendererState$SegDrawer_RenderSegLoop	80913
39	r_RendererState$SegDrawer_RenderSegLoop	80913
39	$rt_createByteArray	251
38	s_StatusBar_copyRect	49054
38	r_RendererState$SegDrawer_RenderSegLoop	80913
37	r_RendererState$SegDrawer_StoreWallRange	80575
36	rd_R_DrawColumnBoomOpt$Indexed_invoke	88087
36	rd_R_DrawColumnBoomOpt$Indexed_invoke	88087
36	r_visplane_t_getBottom	85106
36	jl_System_doArrayCopy	13694
34	r_RendererState$SegDrawer_RenderSegLoop	80913
34	digest	151
33	jl_String_compareToIgnoreCase	1375
32	vg_Columns_DrawPatchColumns	51281
32	rd_R_DrawColumnBoom$Indexed_invoke	88267
32	jl_System_doArrayCopy	13694
31	r_RendererState$SegDrawer_RenderSegLoop	80913
30	r_RendererState_RenderPlayerView	79950
29	s_StatusBar_copyRect	49054
29	r_RendererState$SegDrawer_RenderSegLoop	80913
29	r_RendererState$SegDrawer_RenderSegLoop	80913
27	s_StatusBar_copyRect	49054
27	rd_R_DrawColumnBoomOpt$Indexed_invoke	88087
26	rd_R_DrawColumnBoomOpt$Indexed_invoke	88087
26	r_RendererState$SegDrawer_RenderSegLoop	80913
26	d_DoomMain_Ticker	8926
26	Long_lo	205
25	r_RendererState$SegDrawer_StoreWallRange	80575
25	r_RendererState$SegDrawer_StoreWallRange	80575
25	r_RendererState$SegDrawer_RenderSegLoop	80913
25	r_RendererState$SegDrawer_RenderSegLoop	80913
24	r_RendererState$SegDrawer_RenderSegLoop	80913
24	r_AbstractThings_DrawMaskedColumn	84950
24	Long_and	226
24	$rt_createShortArray	257
24	$rt_charArrayToString	432
23	r_RendererState$SegDrawer_StoreWallRange	80575
23		0
22	vg_Columns_DrawPatchColumns	51281
21	rd_R_DrawColumnBoomOpt$Indexed_invoke	88087
21	m_fixed_t_FixedMul	19729
21	d_player_t_PlayerThink	18818
21	Long_create	200
20	rd_R_DrawColumnBoomOpt$Indexed_invoke	88087
20	rd_R_DrawColumnBoomOpt$Indexed_invoke	88087
20	r_RendererState$SegDrawer_StoreWallRange	80575
20	jl_System_doArrayCopy	13694
19	rd_R_DrawColumnBoomOpt$Indexed_invoke	88087
19	rd_R_DrawColumnBoomOpt$Indexed_invoke	88087
19	r_RendererState$SegDrawer_RenderSegLoop	80913
19	Long_lo	205
19	Long_create	200
18	vg_Columns_DrawPatchColumns	51281
18	r_SimpleTextureManager_getRogueColumn	83549
18	r_SimpleTextureManager_getRogueColumn	83549
18	r_RendererState$SegDrawer_StoreWallRange	80575
18	Long_shru	231
18	Long_lo	205
18	Long_create	200
17	rd_R_DrawColumnBoomOpt$Indexed_invoke	88087
17	r_column_t_unpack	13936
17	r_RendererState$SegDrawer_StoreWallRange	80575
17	r_RendererState$BSP_AddLine	81976
17	jl_System_doArrayCopy	13694
17	Long_create	200
17	Long_create	200
16	s_StatusBar$st_number_t_drawNum	52739
16	rd_R_DrawColumnBoomOpt$Indexed_invoke	88087
16	rd_R_DrawColumnBoomOpt$Indexed_invoke	88087
16	r_RendererState$SegDrawer_StoreWallRange	80575
16	r_RendererState$BSP_RenderBSPNode	82220
16	r_RendererState$BSP_RenderBSPNode	82220
16	r_RendererState$BSP_AddLine	81976
16	jl_String_charAt	1331
16	ji_ByteArrayInputStream_read0	20646
16	Long_ne	207
16	Long_create	200
15	r_VisSprites_ProjectSprite	84297
15	r_RendererState$SegDrawer_RenderSegLoop	80913
15	r_RendererState$SegDrawer_RenderSegLoop	80913
15	r_RendererState$BSP_CheckBBox	82078
15	jl_Character_mapChar	3748
15	Long_create	200
15		65
14	rd_R_DrawColumnBoomOpt$Indexed_invoke	88087
14	r_SimpleTextureManager_getRogueColumn	83549
14	r_RendererState$SegDrawer_StoreWallRange	80575
14	r_RendererState$SegDrawer_StoreWallRange	80575
14	r_RendererState$SegDrawer_StoreWallRange	80575
14	r_RendererState$BSP_CheckBBox	82078
14	r_RendererState$BSP_AddLine	81976
14	r_RendererState$BSP_AddLine	81976
14	r_AbstractThings_RenderMaskedSegRange	84495
14	ji_ByteArrayInputStream_read0	20646
14	dme_SimulationEngineReachabilityProbe_stepMultiplayerAuthoritative	4390
14	Long_create	200
14		65
13	rd_R_DrawColumnBoomOpt$Indexed_invoke	88087
13	r_RendererState$SegDrawer_RenderSegLoop	80913
13	r_RendererState$BSP_RenderBSPNode	82220
13	r_RendererState$BSP_RenderBSPNode	82220
13	r_RendererState$BSP_AddLine	81976
13	r_RendererState$BSP_AddLine	81976
13	ju_Arrays_sort	13474
13	jl_System_doArrayCopy	13694
13	jl_Object$Monitor	22670
13	Long_lo	205
13	Long_create	200
13	Long_create	200
13		16
12	w_WadLoader_CheckNumsForName	26865
12	rd_R_DrawColumnBoomOpt$Indexed_invoke	88087
12	r_SimpleTextureManager_getRogueColumn	83549
12	r_SimpleTextureManager_getRogueColumn	83549
12	r_RendererState$SegDrawer_StoreWallRange	80575
12	r_RendererState$SegDrawer_StoreWallRange	80575
12	r_RendererState$SegDrawer_RenderSegLoop	80913
12	r_RendererState$BSP_Subsector	82141
12	r_RendererState$BSP_RenderBSPNode	82220
12	jl_Character_toLowerCase	3722
12	Long_shru	231
12	Long_create	200
12	Long_create	200
12	$rt_createByteArray	251
11	rd_R_DrawColumnBoomOpt$Indexed_invoke	88087
11	r_SimpleTextureManager_getRogueColumn	83549
11	r_RendererState$BSP_Subsector	82141
11	r_RendererState$BSP_RenderBSPNode	82220
11	r_RendererState$BSP_CheckBBox	82078
11	r_RendererState$BSP_AddLine	81976
11	r_RendererState$BSP_AddLine	81976
11	r_RendererState$BSP_AddLine	81976
11	p_mobj_t_SetMobjState	14731
11	jn_ByteBuffer_get	48351
11	jl_System_doArrayCopy	13694
11	Long_shru	231
11	Long_lo	205
11	Long_lo	205
11	Long_create	200
11	Long_create	200
